team_name,long_name
Manchester City,Josep Guardiola i Sala
Paris Saint Germain,Christophe Galtier
Paris Saint Germain,Christophe Galtier
Real Madrid,Carlo Ancelotti
Real Madrid CF,Carlo Ancelotti
Germany,Hans-Dieter Flick
Chelsea,Graham Potter
Liverpool,Jürgen Klopp
FC Bayern München,Julian Nagelsmann
FC Barcelona,Xavier Hernández Creus
England,Gareth Southgate
Inter,Simone Inzaghi
France,Didier Deschamps
Italy,Roberto Mancini
Portugal,Fernando Manuel Fernandes da Costa Santos
Spain,Luis Enrique Martínez García
Argentina,Lionel Sebastián Scaloni
Manchester United,Erik ten Hag
Juventus,Massimiliano Allegri
Atlético Madrid,Diego Pablo Simeone
Atlético de Madrid,Diego Pablo Simeone
Belgium,Roberto Martínez Montoliú
Netherlands,Louis van Gaal
Tottenham Hotspur,Antonio Conte
Borussia Dortmund,Edin Terzic
Milan,Stefano Pioli
AC Milan,Stefano Pioli
Sevilla,Jorge Luis Sampaoli Moya
Sevilla FC,Jorge Luis Sampaoli Moya
RB Leipzig,Marco Rose
Arsenal,Mikel Arteta Amatriain
Bayer 04 Leverkusen,Xabier Alonso Olano
Napoli,Luciano Spalletti
Roma,José Mario Felix dos Santos Mourinho
Villarreal,Enrique Setién Solar
Croatia,Zlatko Dalić
Brazil,Adenor Leonardo Bacchi
Aston Villa,Unai Emery Etxegoien
Villarreal,Unai Emery Etxegoien
Villarreal CF,Unai Emery Etxegoien
Newcastle United,Eddie Howe
West Ham United,David Moyes
Atalanta,Gian Piero Gasperini
Lazio,Maurizio Sarri
Leicester City,Brendan Rodgers
Benfica,Roger Schmidt
SL Benfica,Roger Schmidt
Athletic Club,Ernesto Valverde Tejedor
Athletic Club de Bilbao,Ernesto Valverde Tejedor
Real Betis,Manuel Luis Pellegrini Ripamonti
Real Betis Balompié,Manuel Luis Pellegrini Ripamonti
Denmark,Kasper Hjulmand
Borussia Mönchengladbach,Daniel Farke
Olympique Lyonnais,Laurent Blanc
Wolverhampton Wanderers,Julen Lopetegui Argote
Olympique Marseille,Igor Tudor
Olympique de Marseille,Igor Tudor
Porto,Sérgio Paulo Marceneiro Conceição
FC Porto,Sérgio Paulo Marceneiro Conceição
Sporting CP,Ruben Filipe Marques Amorim
Ajax,Alfred Schreuder
Real Sociedad,Imanol Alguacil Barrenetxea
Poland,Czesław Michniewicz
Eintracht Frankfurt,Oliver Glasner
Everton,Frank Lampard
Monaco,Philippe Clement
AS Monaco,Philippe Clement
Nice,Lucien Favre
OGC Nice,Lucien Favre
Rennes,Bruno Génésio
Stade Rennais FC,Bruno Génésio
Celta de Vigo,Jefferson Carlos Carvalhal da Silva
Austria,Ralf Rangnick
Czech Republic,Jaroslav Šilhavý
Mexico,Gerardo Daniel Martino
Getafe,Enrique Sánchez Flores
Getafe CF,Enrique Sánchez Flores
Fiorentina,Vincenzo Italiano
Morocco,Walid Regragui
Leeds United,Jesse Marsch
Nottingham Forest,Steve Cooper
SC Freiburg,Christian Streich
Sport-Club Freiburg,Christian Streich
Fulham,Marco Alexandre Saraiva da Silva
VfL Wolfsburg,Niko Kovač
PSV,Ruud van Nistelrooy
Galatasaray,Okan Buruk
Galatasaray SK,Okan Buruk
Fenerbahçe,Jorge Fernando Pinheiro de Jesus
Fenerbahçe SK,Jorge Fernando Pinheiro de Jesus
Palmeiras,Abel Fernando Moreira Ferreira
Trabzonspor,Abdullah Mucip Avcı
Espanyol,Diego Martínez Penas
RCD Espanyol de Barcelona,Diego Martínez Penas
Valencia,Ivan Gennaro Gattuso
Valencia CF,Ivan Gennaro Gattuso
Osasuna,Jagoba Arrasate Elustondo
CA Osasuna,Jagoba Arrasate Elustondo
Rayo Vallecano,Andoni Iraola Sagarna
Flamengo,Dorival Silvestre Júnior
Norway,Ståle Solbakken
Scotland,Steve Clarke
Sweden,Jan Olof Andersson
Crystal Palace,Patrick Vieira
Brighton & Hove Albion,Roberto De Zerbi
River Plate,Marcelo Daniel Gallardo
Sporting Braga,Artur Jorge Torres Gomes Araújo Amorim
SC Braga,Artur Jorge Torres Gomes Araújo Amorim
TSG Hoffenheim,André Breitenreiter
Southampton,Nathan Jones
Luton Town,Nathan Jones
Udinese,Andrea Sottil
Udinese Calcio,Andrea Sottil
Lille,Paulo Alexandre Rodrigues Fonseca
LOSC Lille,Paulo Alexandre Rodrigues Fonseca
Montpellier,Romain Pitau
Strasbourg,Julien Stéphan
RC Strasbourg Alsace,Julien Stéphan
FSV Mainz 05,Bo Svensson
1. FSV Mainz 05,Bo Svensson
Bologna,Thiago Motta
Club Brugge,Carl Hoefkens
Club Brugge KV,Carl Hoefkens
Feyenoord,Arne Slot
Mallorca,Javier Aguirre Onaindía
RCD Mallorca,Javier Aguirre Onaindía
Real Valladolid,Juan José Rojo Martín
Real Valladolid CF,Juan José Rojo Martín
Atlético Mineiro,Alexi Stival
Clube Atlético Mineiro,Alexi Stival
Ukraine,Oleksandr Petrakov
United States,Gregg Berhalter
FC Union Berlin,Urs Fischer
1. FC Union Berlin,Urs Fischer
Boca Juniors,Hugo Benjamin Ibarra
Brentford,Thomas Frank
Girona,Miguel Ángel Sánchez Muñoz
Girona FC,Miguel Ángel Sánchez Muñoz
Ghana,Otto Addo
Monza,Raffaele Palladino
Sassuolo,Alessio Dionisi
U.S. Sassuolo Calcio,Alessio Dionisi
FC Köln,Steffen Baumgart
1. FC Köln,Steffen Baumgart
VfB Stuttgart,Michael Wimmer
Torino,Ivan Juric
Torino F.C.,Ivan Juric
Lens,Franck Haise
Racing Club de Lens,Franck Haise
Nantes,Antoine Kombouare
FC Nantes,Antoine Kombouare
Celtic,Angelos Postecoglou
Hertha BSC,Sandro Schwarz
Hellas Verona,Marco Zaffaroni
Slavia Praha,Jindřich Trpišovský
SK Slavia Praha,Jindřich Trpišovský
AEK Athens,Matías Jesús Almeyda
Beşiktaş,Valérien Ismaël
Beşiktaş JK,Valérien Ismaël
Elche,Jorge Francisco Almirón Quintana
Elche CF,Jorge Francisco Almirón Quintana
Athletico PR,Luiz Elena Felipe Scolari
Club Athletico Paranaense,Luiz Elena Felipe Scolari
Internacional,Luiz Antônio Venker de Menezes
Almería,Joan Francesc Ferrer Sicilia
Unión Deportiva Almería,Joan Francesc Ferrer Sicilia
Hungary,Marco Rossi
AZ,Pascal Jansen
AZ Alkmaar,Pascal Jansen
AFC Bournemouth,Gary O'Neil
Cádiz,Sergio González Soriano
Cádiz CF,Sergio González Soriano
FC Augsburg,Enrico Maaßen
Racing Club,Fernando Rubén Gago
Salernitana,Davide Nicola
US Salernitana 1919,Davide Nicola
Bragantino,Maurício Nogueira Barbieri
Schalke 04,Thomas Reis
Werder Bremen,Ole Werner
SV Werder Bremen,Ole Werner
Rangers,Michael Beale
Queens Park Rangers,Michael Beale
VfL Bochum 1848,Thomas Letsch
Antwerp,Mark van Bommel
Royal Antwerp FC,Mark van Bommel
Sparta Praha,Brian Priske Pedersen
AC Sparta Praha,Brian Priske Pedersen
Brest,Bruno Grougi
São Paulo,Rogério Mücke Ceni
Al Hilal,Ramón Ángel Díaz
Genk,Wouter Vrancken
KRC Genk,Wouter Vrancken
Gent,Hein Vanhaezebrouck
KAA Gent,Hein Vanhaezebrouck
Corinthians,Vítor Manuel de Oliveira Lopes Pereira
Santos,Odair Hellmann
Wales,Robert Page
Empoli,Paolo Zanetti
Watford,Slaven Bilić
Burnley,Vincent Kompany
Sampdoria,Dejan Stankovic
U.C. Sampdoria,Dejan Stankovic
Levante,Javier Calleja Revilla
Panathinaikos,Ivan Jovanović
Panathinaikos FC,Ivan Jovanović
İstanbul Başakşehir,Emre Belözoğlu
İstanbul Başakşehir FK,Emre Belözoğlu
Dynamo Kyiv,Mircea Lucescu
Viktoria Plzeň,Michal Bílek
FC Viktoria Plzeň,Michal Bílek
Canada,John Herdman
Al Nassr,Rudi Garcia
Los Angeles FC,Steven Cherundolo
Salzburg,Matthias Jaissle
FC Red Bull Salzburg,Matthias Jaissle
Dinamo Zagreb,Ante Čačić
Anderlecht,Robin Veldeman
Troyes,Patrick Kisnorbo
Melbourne City,Patrick Kisnorbo
Melbourne City FC,Patrick Kisnorbo
Lecce,Marco Baroni
Reims,William Still
PAOK,Răzvan Lucescu
Las Palmas,Francisco Javier García Pimienta
Unión Deportiva Las Palmas,Francisco Javier García Pimienta
Fluminense,Fernando Diniz Silva
København,Jacob Neestrup Hansen
F.C. København,Jacob Neestrup Hansen
Republic of Ireland,Stephen Kenny
Romania,Edward Iordănescu
Australia,Graham Arnold
Angers SCO,Abdelaziz Bouhazama
Norwich City,Dean Smith
Sheffield United,Paul Heckingbottom
Toulouse,Philippe Montanier
Toulouse Football Club,Philippe Montanier
Vélez Sarsfield,Alexander Jesús Medina Reobasco
Genoa,Alexander Blessin
Spezia,Luca Gotti
Granada,Francisco José López Fernández
Ceará,Gustavo Eliseo Morínigo Vázquez
Cremonese,Massimiliano Alvini
US Cremonese,Massimiliano Alvini
Atlético GO,Eduardo Godinho Felipe de Souza
Atlético Clube Goianiense,Eduardo Godinho Felipe de Souza
Middlesbrough,Michael Carrick
Auxerre,Christophe Pélissier
West Bromwich Albion,Carlos Corberán Vallet
Venezia,Paolo Vanoli
Lorient,Régis Le Bris
FC Lorient,Régis Le Bris
Deportivo Alavés,Luis García Plaza
SD Eibar,Gaizka Garitano Aguirre
Al Ittihad,Nuno Herlander Simões Espírito Santo
Antalyaspor,Nuri Şahin
Young Boys,Raphaël Wicky
BSC Young Boys,Raphaël Wicky
Midtjylland,Albert Capellas Herms
FC Midtjylland,Albert Capellas Herms
Ferencváros,Stanislav Cherchesov
Gil Vicente,Ivo Ricardo Abreu Vieira
Gil Vicente FC,Ivo Ricardo Abreu Vieira
FC Utrecht,Henk Fraser
FC Twente,Ron Jans
Union Saint-Gilloise,Karel Geraerts
Ankaragücü,Ömer Erdogan
MKE Ankaragücü,Ömer Erdogan
Adana Demirspor,Vincenzo Montella
Shakhtar Donetsk,Igor Jovičević
Estudiantes,Pablo Javier Quatrocchi
Estudiantes de La Plata,Pablo Javier Quatrocchi
Lanús,Frank Darío Kudelka
Club Atlético Lanús,Frank Darío Kudelka
Colón,Marcelo Saralegui Arregín
Club Atlético Colón,Marcelo Saralegui Arregín
Fortaleza,Juan Pablo Vojvoda
Al Shabab,Vicente Moreno Peris
Talleres Córdoba,Javier Marcelo Gandolfi
Club Atlético Talleres,Javier Marcelo Gandolfi
Alanyaspor,Francesco Farioli
Aytemiz Alanyaspor,Francesco Farioli
Blackburn Rovers,Jon Dahl Tomasson
Hamburger SV,Tim Walter
Parma,Fabio Pecchia
Hearts,Robbie Neilson
Heart of Midlothian,Robbie Neilson
Millwall,Gary Rowett
DSC Arminia Bielefeld,Daniel Scherning
Standard Liège,Ronny Deila
Standard de Liège,Ronny Deila
Real Zaragoza,Francisco Escriba Segura
Hajduk Split,Mislav Karoglan
Hannover 96,Stefan Leitl
Ajaccio,Olivier Pantaloni
AC Ajaccio,Olivier Pantaloni
New England,Bruce Arena
New England Revolution,Bruce Arena
Rio Ave,Luís Carlos Batalha Freire
Rio Ave FC,Luís Carlos Batalha Freire
Ulsan,Myung-Bo Hong
Ulsan Hyundai FC,Myung-Bo Hong
Coventry City,Mark Robins
Preston North End,Ryan Lowe
Clermont,Pascal Gastien
Clermont Foot 63,Pascal Gastien
Saint-Étienne,Laurent Batlles
AS Saint-Étienne,Laurent Batlles
Cagliari,Fabio Liverani
Vitória SC,João Miguel da Cunha Teixeira
Vitória de Guimarães,João Miguel da Cunha Teixeira
Marítimo,João Alexandre Oliveira Nunes Henriques
Clube Sport Marítimo,João Alexandre Oliveira Nunes Henriques
Boavista,Armando Gonçalves Teixeira
Boavista FC,Armando Gonçalves Teixeira
Hull City,Liam Rosenior
América de Cali,Alexandre Borges Guimarães
Atlético Nacional,Pedro Enrique Sarmiento Solís
Independiente,Julio César Falcioni
Club Atlético Independiente,Julio César Falcioni
Newell's Old Boys,Gustavo Daniel Tognarelli
Darmstadt 98,Torsten Lieberknecht
SV Darmstadt 98,Torsten Lieberknecht
Fortuna Düsseldorf,Daniel Thioune
Mamelodi Sundowns,Rhulani Mokwena
LDU Quito,Luis Francisco Zubeldía
Libertad,Daniel Oscar Garnero
Argentinos Juniors,Gabriel Alejandro Milito
Portland Timbers,Giovanni Savarese
Seattle Sounders,Brian Schmetzer
Seattle Sounders FC,Brian Schmetzer
Kasımpaşa,Şenol Can
Kasimpaşa SK,Şenol Can
Defensa y Justicia,Julio César Vaccari
Tigre,Diego Hernán Martínez
Club Atlético Tigre,Diego Hernán Martínez
América Mineiro,Vágner Carmo Mancini
América Futebol Clube,Vágner Carmo Mancini
Benevento,Fabio Cannavaro
Philadelphia Union,Jim Curtin
Famalicão,João Pedro Borges de Sousa
Futebol Clube de Famalicão,João Pedro Borges de Sousa
Atlanta United,Gonzalo Pineda Reyes
Casa Pia,Filipe Gonçalo Pinto Martins
Cuiabá,António José Cardoso de Oliveira
Bordeaux,David Guion
FC Girondins de Bordeaux,David Guion
Metz,László Bölöni
FC Metz,László Bölöni
Birmingham City,John Eustace
SpVgg Greuther Fürth,Alexander Zorniger
Nürnberg,Markus Weinzierl
1. FC Nürnberg,Markus Weinzierl
Reggina,Filippo Inzaghi
Sturm Graz,Christian Ilzer
SK Sturm Graz,Christian Ilzer
LASK Linz,Dietmar Didi Kühbauer
Tenerife,Luis Miguel Ramis Monfort
CD Tenerife,Luis Miguel Ramis Monfort
Malmö FF,Åge Fridtjof Hareide
Sporting Gijón,Abelardo Fernández Antuña
Real Sporting de Gijón,Abelardo Fernández Antuña
Fortuna Sittard,Julio Velázquez Santiago
Sporting Charleroi,Felice Mazzù
Anderlecht,Felice Mazzù
RSC Anderlecht,Felice Mazzù
Columbus Crew,Caleb Porter
DC United,Wayne Mark Rooney
D.C. United,Wayne Mark Rooney
Sporting KC,Peter Vermes
Sporting Kansas City,Peter Vermes
Lech Poznań,John van den Brom
Basel,Alexander Frei
FC Basel 1893,Alexander Frei
Bodø / Glimt,Kjetil Knutsen
FK Bodø/Glimt,Kjetil Knutsen
San Lorenzo,Rubén Darío Insúa
San Lorenzo de Almagro,Rubén Darío Insúa
Finland,Markku Kanerva
Santa Clara,Mário Fernando Magalhães da Silva
Jeonbuk Motors,Sang-Sik Kim
Jeonbuk Hyundai Motors,Sang-Sik Kim
Como,Moreno Longo
Reading,Paul Ince
Stoke City,Alex Neil
Karlsruher SC,Christian Eichner
Paços de Ferreira,José Albano Ferreira da Mota
Vitesse,Phillip Cocu
NEC,Rogier Meijer
N.E.C. Nijmegen,Rogier Meijer
SC Heerenveen,Kees van Wonderen
Bristol City,Nigel Pearson
Luton Town,Rob Edwards
Huddersfield Town,Mark Fotheringham
Swansea City,Russell Martin
Estoril,Nelson Alexandre da Silva Veríssimo
Estoril Praia,Nelson Alexandre da Silva Veríssimo
Paderborn,Lukas Kwasniok
SC Paderborn 07,Lukas Kwasniok
Portimonense,Paulo Sérgio Bento Brito
Portimonense SC,Paulo Sérgio Bento Brito
Burgos,Julián Calero Fernández
Kortrijk,Bernd Storck
AS Eupen,Bernd Storck
KAS Eupen,Bernd Storck
OH Leuven,Marc Brys
Oud-Heverlee Leuven,Marc Brys
APOEL,Vladan Milojević
FC Cartagena,Luis Miguel Carrión Delgado
Kayserispor,Çagdas Atan
Yukatel Kayserispor,Çagdas Atan
Hatayspor,Volkan Demirel
Konyaspor,İlhan Palut
İttifak Holding Konyaspor,İlhan Palut
Sivasspor,Rıza Çalımbay
Demir Grup Sivasspor,Rıza Çalımbay
Olimpia,Júlio César Cáceres López
Northern Ireland,Ian Baraclough
Sandhausen,Alois Schwartz
SV Sandhausen,Alois Schwartz
St. Pauli,Timo Schultz
FC St. Pauli,Timo Schultz
Banfield,Javier Sanguinetti
Club Atlético Banfield,Javier Sanguinetti
Mechelen,Steven Defour
Pisa,Luca D'Angelo
Gaziantep F.K.,Erol Bulut
Gazişehir Gaziantep F.K.,Erol Bulut
Real Oviedo,Álvaro Cervera Díaz
Huesca,José Ángel Ziganda Lacunza
SD Huesca,José Ángel Ziganda Lacunza
Orlando Pirates,Jose Riveiro
Colo-Colo,Gustavo Enrique Domingo Quinteros Desábato
Minnesota United,Adrian Heath
Minnesota United FC,Adrian Heath
Heidenheim,Frank Schmidt
1. FC Heidenheim 1846,Frank Schmidt
Qatar,Felix Sanchez Bas
Vizela,Álvaro Adriano Teixeira Pacheco
Toronto,Bob Bradley
Toronto FC,Bob Bradley
Al Ain,Sergiy Rebrov
Al Ain FC,Sergiy Rebrov
Godoy Cruz,Diego Flores
Huracán,Diego Omar Dabove
Club Atlético Huracán,Diego Omar Dabove
Unión Santa Fe,Gustavo Adolfo Munúa Vera
Unión de Santa Fe,Gustavo Adolfo Munúa Vera
Shandong Luneng,Wei Hao
Shandong Taishan,Wei Hao
Paris,Thierry Laurey
Paris FC,Thierry Laurey
Cerro Porteño,Francisco Javier Arce Rolón
Austin,Josh Wolff
Nashville SC,Gary Smith
Hansa Rostock,Patrick Glöckner
Waldhof Mannheim,Patrick Glöckner
SV Waldhof Mannheim 07,Patrick Glöckner
Kaiserslautern,Dirk Schuster
1. FC Kaiserslautern,Dirk Schuster
Sunderland,Tony Mowbray
Brescia,Josep Clotet Ruiz
Caen,Stéphane Moulin
Stade Malherbe Caen,Stéphane Moulin
Sochaux,Olivier Guégan
FC Sochaux-Montbéliard,Olivier Guégan
Rapid Vienna,Zoran Barišić
Brøndby,Niels Frederiksen
Brøndby IF,Niels Frederiksen
Universitatea Craiova,Mirel Matei Radoi
Servette,Alain Geiger
Servette FC,Alain Geiger
Molde,Erling Moe
Molde FK,Erling Moe
Chaves,Vítor Fernando de Carvalho Campelos
GD Chaves,Vítor Fernando de Carvalho Campelos
Jahn Regensburg,Mersad Selimbegovic
SSV Jahn Regensburg,Mersad Selimbegovic
Ternana,Aurelio Andreazzoli
Málaga,José Mel Pérez
Málaga CF,José Mel Pérez
Holstein Kiel,Marcel Rapp
Sint-Truiden,Bernd Hollerbach
Sint-Truidense VV,Bernd Hollerbach
Westerlo,Jonas De Roeck
KVC Westerlo,Jonas De Roeck
KV Oostende,Dominik Thalhammer
Cercle Brugge,Dominik Thalhammer
KSV Cercle Brugge,Dominik Thalhammer
New York RB,Gerhard Struber
New York Red Bulls,Gerhard Struber
Dallas,Nicolás Estévez Martínez
FC Dallas,Nicolás Estévez Martínez
LA Galaxy,Greg Vanney
Djurgården,Thomas Lagerlöf
Djurgårdens IF,Thomas Lagerlöf
AaB,Erik Hamrén
Aalborg BK,Erik Hamrén
Zürich,Bo Henriksen
FC Zürich,Bo Henriksen
Iceland,Arnar Viðarsson
Modena,Attilio Tesser
Cercle Brugge,Miron Muslić
Palermo,Eugenio Corini
Bari 1908,Michele Mignani
Bari,Michele Mignani
Legia Warszawa,Kosta Runjaic
Wigan Athletic,Leam Richardson
Blackpool,Michael Appleton
Cardiff City,Mark Hudson
Ponferradina,David Gallego Rodríguez
Zulte-Waregem,M'Baye Leye
SV Zulte Waregem,M'Baye Leye
FCSB,Mihai Doru Pintilii
Leganés,Joseba Imanol Idiakez Barkaiztegui
CD Leganés,Joseba Imanol Idiakez Barkaiztegui
Gimnasia La Plata,Néstor Raúl Gorosito
Gimnasia y Esgrima La Plata,Néstor Raúl Gorosito
Junior,Julio Avelino Comesaña López
Independiente Medellín,David González Giraldo
Vancouver Whitecaps,Vanni Sartini
Vancouver Whitecaps FC,Vanni Sartini
Eintracht Braunschweig,Michael Schiele
Dijon,Omar Daf
Dijon FCO,Omar Daf
Rosario Central,Carlos Alberto Tevez
Sion,Fabio Celestini
CFR Cluj,Dan Vasile Petrescu
Kaizer Chiefs,Arthur Zwane
Universidad Católica,Ariel Enrique Holan
Sporting Cristal,Roberto Orlando Mosquera Vera
Fatih Karagümrük,Andrea Pirlo
Nacional,Ricardo Alberto Zielinski
Melgar,Pablo Hernán Lavallén
New Zealand,Danny Hay
Frosinone,Fabio Grosso
Atlético Tucumán,Lucas Pusineri
Deportes Tolima,Hernán Torres Oliveros
Club Deportes Tolima,Hernán Torres Oliveros
Al Fateh,Giorgios Donis
Arouca,Armando Evangelista Macedo Freitas
FC Arouca,Armando Evangelista Macedo Freitas
Inter Miami,Phil Neville
Independiente del Valle,Martin Anselmi
Cincinnati,Pat Noonan
FC Cincinnati,Pat Noonan
UD Ibiza,Juan Antonio Albacete Anquela
Raków Częstochowa,Marek Papszun
Wuhan Three Towns,Pedro Morilla Pineda
Guingamp,Stéphane Dumont
En Avant de Guingamp,Stéphane Dumont
Hibernian,Lee Johnson
Derby County,Paul Warne
Ipswich Town,Kieran McKenna
Perugia,Fabrizio Castori
Nîmes,Nicolas Usaï
Nîmes Olympique,Nicolas Usaï
Austria Wien,Manfred Schmid
FK Austria Wien,Manfred Schmid
AGF,Uwe Rösler
Aarhus GF,Uwe Rösler
Rosenborg,Kjetil André Rekdal
Rosenborg BK,Kjetil André Rekdal
Racing Santander,Guillermo Fernández Romo
Colorado Rapids,Robin Fraser
Häcken,Per-Mathias Høgmo
BK Häcken,Per-Mathias Høgmo
Luzern,Mario Frick
FC Luzern,Mario Frick
Seoul,Ik-Soo Ahn
FC Seoul,Ik-Soo Ahn
Suwon Bluewings,Byung-Geun Lee
Suwon Samsung Bluewings,Byung-Geun Lee
Randers,Thomas Thomasberg
Randers FC,Thomas Thomasberg
Rotherham United,Matthew Taylor
Sheffield Wednesday,Darren Moore
Amiens SC,Philippe Hinschberger
Albacete,Rubén Albés Yáñez
Albacete BP,Rubén Albés Yáñez
FC Groningen,Frank Wormuth
Peterborough United,Grant McCann
AS Eupen,Edward Still
Sporting Charleroi,Edward Still
Royal Charleroi S.C.,Edward Still
Lugano,Mattia Croci-Torti
FC Lugano,Mattia Croci-Torti
Sparta Rotterdam,Maurice Steijn
Magdeburg,Christian Titz
1. FC Magdeburg,Christian Titz
Pogoń Szczecin,Jens Gustafsson
Lugo,Hernán Pérez Cuesta
CD Lugo,Hernán Pérez Cuesta
Emelec,Ismael Rescalvo Sánchez
Alianza Lima,Guillermo Sandro Salas Suarez
Cienciano,César Eduardo Vigevani
Montreal Impact,Wilfried Nancy
Club de Foot Montréal,Wilfried Nancy
Melbourne Victory,Tony Popović
Al Ittifaq,Patrice Carteron
Ettifaq FC,Patrice Carteron
Giresunspor,Hakan Keleş
Cosenza,Davide Dionigi
Al Taawon,Péricles Raimundo Oliveira Chamusca
Al Taawoun,Péricles Raimundo Oliveira Chamusca
Shanghai SIPG,Ivan Leko
Shanghai Port FC,Ivan Leko
Orlando City,Óscar Alexander Pareja Gómez
Orlando City Soccer Club,Óscar Alexander Pareja Gómez
Platense,Martín Palermo
Sarmiento,Israel Alejandro Damonte
Club Atlético Sarmiento,Israel Alejandro Damonte
SPAL,Roberto Venturato
Al Feiha,Vuk Rašović
Al Fayha,Vuk Rašović
Dhamk,Krešimir Režić
Damac FC,Krešimir Režić
Ümraniyespor,Recep Uçar
Universidad Católica,Miguel Rondelli
Charlotte,Christian Lattanzio
1860 München,Michael Köllner
TSV 1860 München,Michael Köllner
Aberdeen,Jim Goodwin
Dundee United,Jack Ross
Silkeborg,Kent Nielsen
Silkeborg IF,Kent Nielsen
Lillestrøm,Geir Bakke
Lillestrøm SK,Geir Bakke
Viking,Morten Jensen
Viking FK,Morten Jensen
Rapid Bucuresti,Adrian Mutu
Grasshopper,Giorgio Contini
Grasshopper Club Zürich,Giorgio Contini
AIK,Peter Wennberg
Dynamo Dresden,Markus Anfang
SG Dynamo Dresden,Markus Anfang
Saarbrücken,Rüdiger Ziehl
SC Cambuur,Sjors Ultee
Chicago Fire,Ezra Hendrickson
Chicago Fire Football Club,Ezra Hendrickson
Houston Dynamo,Kenny Bundy
Elfsborg,Jimmy Thelin
IF Elfsborg,Jimmy Thelin
Norrköping,Glen Riddersholm
IFK Norrköping,Glen Riddersholm
St. Gallen,Peter Zeidler
FC St. Gallen 1879,Peter Zeidler
Vålerenga,Dag-Eilev Akkerhaugen Fagermo
Vålerenga Fotball,Dag-Eilev Akkerhaugen Fagermo
Pohang Steelers,Gi-Dong Kim
Jeju United,Ki-Il Nam
Jeju United FC,Ki-Il Nam
Le Havre,Luka Elsner
Le Havre AC,Luka Elsner
Nordsjælland,Flemming Pedersen
FC Nordsjælland,Flemming Pedersen
Grenoble Foot 38,Vincent Hognon
Laval,Olivier Frapolli
Stade Lavallois Mayenne FC,Olivier Frapolli
RKC Waalwijk,Joseph Oosting
Plymouth Argyle,Steven Schumacher
Wycombe Wanderers,Gareth Ainsworth
Hartberg,Markus Schopp
Daegu,Won-Kwon Choi
Daegu FC,Won-Kwon Choi
FC Emmen,Dick Lukkien
Go Ahead Eagles,René Hake
Deportivo Cali,Sergio Angulo Bolaños
Peñarol,Leonardo Alfredo Ramos Giró
Mirandés,Joseba Andoni Etxeberria Lizardi
CD Mirandés,Joseba Andoni Etxeberria Lizardi
SSC Farul,Gheorghe Hagi
Valenciennes,Nicolas Rabuel
Valenciennes FC,Nicolas Rabuel
Incheon United,Sung-Hwan Cho
Incheon United FC,Sung-Hwan Cho
Villarreal II,Miguel Álvarez Jurado
The Strongest,Antonio Mur
Barcelona Guayaquil,Fabián Daniel Bustos
Real Salt Lake,Pablo Andrés Mastroeni
Piast Gliwice,Aleksandar Vukovic
Lechia Gdańsk,Marcin Kaczmarek
Ingolstadt,Rüdiger Rehm
FC Ingolstadt 04,Rüdiger Rehm
Liverpool,Jorge Rodrigo Bava
Sydney,Steve Corica
Sydney FC,Steve Corica
Beijing Guoan,Stanley Purl Menzo
Beijing Guoan FC,Stanley Purl Menzo
Wolfsberger AC,Robin Dutt
RZ Pellets Wolfsberger AC,Robin Dutt
SJ Earthquakes,Alex Covelo
San Jose Earthquakes,Alex Covelo
Cittadella,Edoardo Gorini
Al Raed,Marius Ninel Şumudică
Al Wahda,Bruno Akrapović
Al Wehda,Bruno Akrapović
Western Sydney Wanderers,Marko Ante Rudan
Südtirol,Pierpaolo Bisoli
La Equidad,Alexis Enrique García Vega
Suwon,Do-Kyun Kim
Suwon FC,Do-Kyun Kim
Everton,Francisco Meneghini
CD Everton de Viña del Mar,Francisco Meneghini
New York City,Nick Cushing
New York City FC,Nick Cushing
Central Cordoba SdE,Leonardo Carol Madelón
Arsenal de Sarandi,Leonardo Carol Madelón
Arsenal de Sarandí,Leonardo Carol Madelón
Barracas Central,Rodolfo De Paoli
Abha,Matheus Joseph
Abha Club,Matheus Joseph
Sepsi,Cristiano Bergodi
Sepsi OSK Sf. Gheorghe,Cristiano Bergodi
Western United,John Aloisi
Western United FC,John Aloisi
FC Andorra,Eder Sarabia Armesto
Bolton Wanderers,Ian Ross Evatt
Motherwell,Steven Hammell
Charlton Athletic,Ben Garner
Shrewsbury Town,Steve Cotterill
Górnik Zabrze,Bartosch Gaul
Erzgebirge Aue,Carsten Müller
FC Volendam,Wim Jonk
Hammarby,Martí Cifuentes Corvillo
Hammarby IF,Martí Cifuentes Corvillo
Ried,Christian Heinle
SV Ried,Christian Heinle
Viborg,Jacob Friis
Viborg FF,Jacob Friis
Wisła Płock,Pavol Stano
Austria Klagenfurt,Peter Pacult
Portsmouth,Danny Cowley
Barnsley,Michael Duff
Oxford United,Karl Robinson
Excelsior,Marinus Dijkhuizen
Wattens,Thomas Silberberger
WSG Tirol,Thomas Silberberger
St. Johnstone,Callum Davidson
St. Johnstone FC,Callum Davidson
Pau,Didier Tholot
Patronato,Facundo Sava
Viktoria Köln,Olaf Janßen
Jagiellonia Białystok,Maciej Stolarczyk
Cracovia Kraków,Jacek Zielinski
Cracovia,Jacek Zielinski
Zagłębie Lubin,Waldemar Fornalik
Piast Gliwice,Waldemar Fornalik
UTA Arad,László György Balint
Universitatea Cluj,Eugen Neagoe
Shanghai Shenhua,Jingui Wu
Shanghai Shenhua FC,Jingui Wu
Unión Española,Gustavo Javier Canales Bustos
Radomiak Radom,Mariusz Lewandowski
Śląsk Wrocław,Ivan Djurdjevic
Shenzhen,Xiaorui Zhang
Shenzhen FC,Xiaorui Zhang
Gangwon,Yong-Soo Choi
Gangwon FC,Yong-Soo Choi
River Plate,Gustavo Díaz Domínguez
Quevilly Rouen,Olivier Echouafni
US Quevilly Rouen Métropole,Olivier Echouafni
Al Tai,Pedro Miguel Marques da Costa Filipe
RFC Seraing,José Jeunechamps
Royal Excel Mouscron,José Jeunechamps
Deportivo La Guaira,Daniel Alejandro Farías Acosta
Metropolitanos,José María Morr
Voluntari,Liviu Ciobotariu
FC Voluntari,Liviu Ciobotariu
Hermannstadt,Marius Constantin Măldărăşanu
AFC Hermannstadt,Marius Constantin Măldărăşanu
Always Ready,Óscar Villegas
Guaireña,Troadio Daniel Duarte
Independiente Petrolero,Rodrigo Venegas
U Craiova 1948,Nicolò Napoli
Bastia,Régis Brouard
SC Bastia,Régis Brouard
Kilmarnock,Derek McInnes
OB,Andreas Alm
Odense Boldklub,Andreas Alm
Widzew Lodz,Janusz Niedźwiedź
IFK Göteborg,Mikael Stahre
Osnabrück,Tobias Schweinsteiger
VfL Osnabrück,Tobias Schweinsteiger
Wehen Wiesbaden,Markus Kauczinski
SV Wehen Wiesbaden,Markus Kauczinski
Rot-Weiss Essen,Christoph Dabrowski
Elversberg,Horst Steffen
Livingston,David Martindale
Livingston FC,David Martindale
Ross County,Malky Mackay
Ross County FC,Malky Mackay
İstanbulspor,Osman Zeki Korkmaz
Strømsgodset,Håkon Wibe-Lund
Strømsgodset IF,Håkon Wibe-Lund
Milton Keynes Dons,Liam Manning
Niort,Ande Dona N'Doh
Chamois Niortais Football Club,Ande Dona N'Doh
MSV Duisburg,Torsten Ziegner
Cambridge United,Mark Bonner
Bristol Rovers,Joey Barton
Rheindorf Altach,Miroslav Klose
SC Rheindorf Altach,Miroslav Klose
Burton Albion,Dino Maamria
HJK,Toni Koskela
HJK Helsinki,Toni Koskela
Argeş,Marius Marian Croitoru
U Craiova 1948,Marius Marian Croitoru
St. Mirren,Stephen Robinson
Petrolul 52,Nicolae Constantin
Zwickau,Joe Enochs
FSV Zwickau,Joe Enochs
Meppen,Stefan Krämer
SV Meppen,Stefan Krämer
Wilstermann,Alberto Illanes
Caracas,Leonardo González
Estudiantes Mérida,Leonardo González
Deportivo Táchira,Alexandré Pallarés
Wanderers,Sergio Rubén Blanco Soto
Adelaide United,Thomas Veart
Rodez,Didier Santini
Aldosivi,Leandro Daniel Somoza
Club Atlético Aldosivi,Leandro Daniel Somoza
Wellington Phoenix,Ufuk Talay
Changchun Yatai,Yang Chen
Changchun Yatai FC,Yang Chen
Henan Jianye,Francisco Javier Pereira Mejía
Henan Songshan Longmen FC,Francisco Javier Pereira Mejía
Fleetwood Town,Scott Brown
Miedź Legnica,Grzegorz Mokry
Warta Poznań,Dawid Szulczek
Ñublense,Jaime García
Deportivo Ñublense,Jaime García
Nacional Asunción,Pedro Alcídes Sarabia Achucarro
Al Khaleej,Pedro Emanuel dos Santos Martins Silva
Al Adalh,Youssef Manai
Al Adalah,Youssef Manai
Chindia Târgovişte,Anton Petrea
AFC Chindia Târgoviște,Anton Petrea
Stal Mielec,Adam Majewski
Ayacucho,Edgar Ospina Echeverry
Royal Pari,Luis Marín Camacho
Delfin,Guillermo Duró
Mushuc Runa,Geovanny Patricio Cumbicus Castillo
9 de Octubre,David Dóniga Lara
Annecy,Laurent Guyot
Cerro Largo,Mario Daniel Saralegui Iriarte
Hermanos Colmenares,Horacio Matuszyczk
Exeter City,Gary Caldwell
Lincoln City,Mark Kennedy
Shamrock Rovers,Stephen Bradley
Morecambe,Derek Adams
Stevenage,Steve Evans
Forest Green Rovers,Ian Burchnall
Austria Lustenau,Markus Mader
Horsens,Jens Berthel Askou
AC Horsens,Jens Berthel Askou
Haugesund,Jostein Grindhaug
FK Haugesund,Jostein Grindhaug
Winterthur,Bruno Berner
Port Vale,Darrell Clarke
Northampton Town,Jon Brady
Stockport County,Dave Challinor
Cheltenham Town,Wade Elliott
Lyngby,Freyr Alexandersson
Lyngby BK,Freyr Alexandersson
Accrington Stanley,John Coleman
Hallescher FC,André Meyer
Verl,Michél Kniat
VfB Oldenburg,Dario Fossi
Borussia Dortmund II,Christian Preußer
Botoşani,Mihai Teja
FC Botoşani,Mihai Teja
Oriente Petrolero,Erwin Sánchez Freking
Sport Boys,Juan Carlos Alayo
Korona Kielce,Kamil Kuzera
Central Coast Mariners,Nick Montgomery
Newcastle Jets,Arthur Thomas Papastamatis
Perth Glory,Ruben Zadkovich
Sol de América,Alfredo Vera
Hangzhou,Jordi Vinyals Martori
Sarpsborg 08,Stefan Billborn
Sarpsborg 08 FF,Stefan Billborn
Antofagasta,Javier Luis Torrente
CD Antofagasta,Javier Luis Torrente
Al Batin,Alen Horvat
ATK Mohun Bagan,Juan Ferrando Fenol
Sirius,Daniel Bäckström
IK Sirius,Daniel Bäckström
Salford City,Neil Wood
Guabirá,Mauricio Soria Portillo
Macarthur,Ante Milicic
General Caballero JLM,Humberto Ovelar
Chengdu Qianbao,Jung-Won Seo
Doncaster Rovers,Danny Schofield
Tromsø,Gaute Ugelstad Helstrup
Tromsø IL,Gaute Ugelstad Helstrup
Helsingborg,Mattias Lindström
Helsingborgs IF,Mattias Lindström
China PR,Aleksandar Janković
Carlisle United,Paul Simpson
Aalesund,Lars Arne Nilsen
Aalesunds FK,Lars Arne Nilsen
Sandefjord,Andreas Tegström
Sandefjord Fotball,Andreas Tegström
Gillingham,Neil Harris
Walsall,Michael John Flynn
Bradford City,Mark Hughes
Swindon Town,Scott Lindsey
Colchester United,Matt Bloomfield
Mansfield Town,Nigel Clough
Wrexham,Phil Parkinson
Leyton Orient,Richard Wellens
Bayreuth,Thomas Kleine
Freiburg II,Thomas Stamm
Sutton United,Matt Gray
Värnamo,Kim Hellberg
AFC Wimbledon,Johnnie Jackson
Unión La Calera,Federico Vilar Baudena
Mumbai City,Des Buckingham
Mioveni,Flavius Vladimir Stoican
Kristiansund,Christian Michelsen
Kristiansund BK,Christian Michelsen
Degerfors,Andreas Holmberg
Grimsby Town,Paul Hurst
Crewe Alexandra,Alex Morris
Barrow,Peter Wild
Kalmar,Henrik Rydström
Kalmar FF,Henrik Rydström
Odd,Pal Arne Johansen
Odds BK,Pal Arne Johansen
HamKam,Jakob Michelsen
Hartlepool United,Keith Curle
Rochdale,Jim Bentley
Tranmere Rovers,Micky Mellon
Crawley Town,Matthew Etherington
Brisbane Roar,Warren Moon
Tianjin Teda,Genwei Yu
Tianjin Jinmen Tiger FC,Genwei Yu
Guangzhou Evergrande,Zhi Zheng
Guangzhou FC,Zhi Zheng
Harrogate Town,Simon Weaver
Newport County,Graham Coughlan
Guangzhou R&F,Weifeng Li
Wuhan Zall,Jinyu Li
Wuhan FC,Jinyu Li
Shijiazhuang Ever Bright,Svetozar Šapurić
Kerala Blasters,Ivan Vukomanovic
Hyderabad,Manuel Márquez Roca
Bengaluru,Simon Grayson
Varberg BoIS,Joakim Persson
Jerv,Arne Sandstø
St Patrick's,Tim Clancy
St. Patrick's Athletic,Tim Clancy
Derry City,Ruaidhri Higgins
Sligo Rovers,John Russell
Dundalk,David Mackey
Dundalk FC,David Mackey
GIF Sundsvall,Brian Clarhaut
Sangju Sangmu,Tae-Wan Kim
Sangju Sangmu FC,Tae-Wan Kim
Mjällby,Andreas Brännström
Mjällby AIF,Andreas Brännström
Dalian Professional,Hui Xie
Dalian Professional Football Club,Hui Xie
Goa,Carlos González Peña
Meizhou Hakka,Milan Ristić
Bohemians,Declan Devine
Seongnam,Chung Kyung-Ho
Seongnam FC,Chung Kyung-Ho
Chennaiyin,Thomas Brdarić
Shelbourne,Damien Duff
Odisha FC,Josep Gombau Balague
Jamshedpur,Aidy Boothroyd
Finn Harps,Ollie Horgan
East Bengal,Stephen Constantine
NorthEast United,Marco Balbul
Drogheda United,Kevin Doherty
Hebei CFFC,Jong-Boo Kim
Hebei FC,Jong-Boo Kim
UCD,Andrew Myler
UCD AFC,Andrew Myler
Aston Villa,Steven Gerrard
Wolverhampton Wanderers,Kelvin Davis
Southampton,Ralph Hasenhüttl
VfB Stuttgart,Pellegrino Matarazzo
Hellas Verona,Gabriele Cioffi
Santos,Orlando Ribeiro de Oliveira
Angers SCO,Gérald Baticle
Middlesbrough,Galileo Percovich
West Bromwich Albion,Richard Beale
Real Zaragoza,Juan Carlos Carcedo Mardones
Hajduk Split,Valdas Dambrauskas
Ascoli,Christian Bucchi
Hull City,Andy Dawson
Atlético Nacional,Alejandro Restrepo Mazo
Real Oviedo,Jon Andoni Pérez Alonso
Godoy Cruz,Sergio Gómez
SpVgg Greuther Fürth,Marc Schneider
América de Cali,Juan Carlos Osorio Arbeláez
Deportivo Cali,Rafael Edgar Dudamel Ochoa
Independiente Medellín,David Fernando Montoya
Platense,Omar De Felippe
Ternana,Cristiano Lucarelli
KV Oostende,Yves Vanderhaeghe
Cardiff City,Steve Morison
UD Ibiza,Javier Baraja Vegas
AIK,Henok Goitom
SC Cambuur,Henk de Jong
Zagłębie Lubin,Piotr Stokowiec
Miedź Legnica,Wojciech Łobodziński
Exeter City,Kevin Nicholson
Korona Kielce,Leszek Ojrzynski
Doncaster Rovers,Gary McSheffrey
Colchester United,Wayne Brown
Crawley Town,Lewis Jack Young
Newport County,Darren Kelly
Granada,Aitor Karanka de la Hoz
Granada CF,Aitor Karanka de la Hoz
Olympiakos Piraeus,José Miguel González Martín del Campo
Olympiacos CFP,José Miguel González Martín del Campo
Celta de Vigo,Eduardo Germán Coudet
RC Celta de Vigo,Eduardo Germán Coudet
Levante,Mehdi Nafti
Levante Unión Deportiva,Mehdi Nafti
Tigres UANL,Miguel Ernesto Herrera Aguirre
Tigres U.A.N.L.,Miguel Ernesto Herrera Aguirre
Montpellier,Olivier Dall’Oglio
Montpellier Hérault SC,Olivier Dall’Oglio
Monterrey,Víctor Manuel Vucetich Rojas
CF Monterrey,Víctor Manuel Vucetich Rojas
Rangers,Giovanni van Bronckhorst
Rangers FC,Giovanni van Bronckhorst
América,Fernando Ortiz
Club América,Fernando Ortiz
Brest,Michel Der Zakarian
Stade Brestois 29,Michel Der Zakarian
Reims,Óscar García Junyent
Stade de Reims,Óscar García Junyent
Greece,Gustavo Augusto Poyet Domínguez
Grêmio,Renato Portaluppi
Cruz Azul,Raul Erasto Jacobo Gutierrez
León,Renato Manuel Alves Paiva
Club León,Renato Manuel Alves Paiva
Venezia,Ivan Javorcic
Venezia FC,Ivan Javorcic
Troyes,Bruno Irles
ESTAC Troyes,Bruno Irles
Ceará,Luis Oscar González
Ceará Sporting Club,Luis Oscar González
Schalke 04,Frank Kramer
FC Schalke 04,Frank Kramer
Bahia,Eduardo de Souza Barroca
Toluca,Marcos Ignacio Ambriz Espinoza
Deportivo Toluca,Marcos Ignacio Ambriz Espinoza
Atlas,Diego Martín Cocca Pera
Club Atlas,Diego Martín Cocca Pera
Santos Laguna,Eduardo Fentanes Orozco
Pachuca,Jorge Guillermo Almada Álves
Nacional,Pablo Eduardo Repetto Aquino
Tijuana,Ricardo Alfredo Valiño
Club Tijuana,Ricardo Alfredo Valiño
Guadalajara,Ricardo Cadena Martínez
Club Deportivo Guadalajara,Ricardo Cadena Martínez
Pumas UNAM,Andrés Luciano Lillini
Club Universidad Nacional,Andrés Luciano Lillini
Paços de Ferreira,Paulo César da Silva Peixoto
FC Paços de Ferreira,Paulo César da Silva Peixoto
Göztepe,Turgay Altay
Göztepe SK,Turgay Altay
Hatayspor,Serkan Özbalta
Rizespor,Bülent Korkmaz
Çaykur Rizespor,Bülent Korkmaz
Junior,Arturo Ernesto Reyes Montero
Junior FC,Arturo Ernesto Reyes Montero
Puebla,Nicolás Ricardo Larcamón
Puebla FC,Nicolás Ricardo Larcamón
Juventude,Lucas Palavro Zanella
Kawasaki Frontale,Toru Oniki
Auxerre,Jean-Marc Furlan
AJ Auxerre,Jean-Marc Furlan
Moreirense,Paulo Lourenço Martins Alves
Moreirense FC,Paulo Lourenço Martins Alves
Ponferradina,José Manuel Martins Teixeira Gomes
SD Ponferradina,José Manuel Martins Teixeira Gomes
FCSB,Nicolae Constantin Dică
Necaxa,Jaime Arturo Lozano Espin
Club Necaxa,Jaime Arturo Lozano Espin
Vissel Kobe,Takayuki Yoshida
Yokohama F. Marinos,Kevin Muscat
Querétaro,Mauro Nestor Gerk Larrea
Gallos Blancos de Querétaro,Mauro Nestor Gerk Larrea
Mechelen,Danny Buijs
KV Mechelen,Danny Buijs
Urawa Reds,Ricardo Rodríguez Suárez
Urawa Red Diamonds,Ricardo Rodríguez Suárez
Tondela,António José Marreco Gouveia
CD Tondela,António José Marreco Gouveia
Atlético San Luis,André Soares Jardine
Club Atlético de San Luis,André Soares Jardine
Juárez,Rolando Hernán Cristante Mandarino
Fútbol Club Juárez,Rolando Hernán Cristante Mandarino
Mazatlán,Gabriel Esteban Caballero Schiker
Hansa Rostock,Jens Härtel
F.C. Hansa Rostock,Jens Härtel
Rapid Vienna,Ferdinand Feldhofer
SK Rapid Wien,Ferdinand Feldhofer
Belenenses,Fernando Manuel de Jesus Santos
Belenenses SAD,Fernando Manuel de Jesus Santos
Kortrijk,Adnan Čustović
KV Kortrijk,Adnan Čustović
Kashima Antlers,Daiki Iwamasa
Cerezo Osaka,Akio Kogiku
Nagoya Grampus,Kenta Hasegawa
Gamba Osaka,Hiroshi Matsuda
Chapecoense,Gilmar Dal Pozzo
Associação Chapecoense de Futebol,Gilmar Dal Pozzo
Joinville,Gilmar Dal Pozzo
Central Cordoba SdE,Abel Eduardo Balbo
Club Atlético Central Córdoba,Abel Eduardo Balbo
Erzgebirge Aue,Timo Rost
FC Erzgebirge Aue,Timo Rost
Willem II,Kevin Hofland
Heracles Almelo,Joannes Gerardus Adrianus Lammers
Altay,Sinan Kaloglu
Shimizu S-Pulse,Jose Ricardo Mannarino
Tokyo,Albert Puig Ortoneda
FC Tokyo,Albert Puig Ortoneda
Fuenlabrada,Baldomero Hermoso Herrera
CF Fuenlabrada,Baldomero Hermoso Herrera
Sion,Paolo Tramezzani
FC Sion,Paolo Tramezzani
Al Ahli Jeddah,Robert Dante Siboldi Badiola
Al Ahli,Robert Dante Siboldi Badiola
Al Faisaly,Daniel António Lopes Ramos
Sanfrecce Hiroshima,Michael Skibbe
Lausanne Sport,Ludovic Magnin
FC Lausanne-Sport,Ludovic Magnin
PEC Zwolle,Dick Schreuder
Real Sociedad II,Sergio Francisco Ramos
Crotone,Franco Lerda
Consadole Sapporo,Mihailo Petrović
Hokkaido Consadole Sapporo,Mihailo Petrović
Avispa Fukuoka,Shigetoshi Hasebe
Yeni Malatyaspor,Cihat Arslan
Amorebieta,Aritz Mújika López
Vejle,Ivan Prelec
Vejle Boldklub,Ivan Prelec
Nancy,Albert Cartier
AS Nancy Lorraine,Albert Cartier
Wisła Kraków,Jerzy Brzęczek
Hartberg,Klaus Schmidt
TSV Egger Glas Hartberg,Klaus Schmidt
Alcorcón,Francisco Javier Fernández Díaz
AD Alcorcón,Francisco Javier Fernández Díaz
Kashiwa Reysol,Nélson Baptista Júnior
UTA Arad,Ilie Poenaru
Gaz Metan Mediaş,Ilie Poenaru
Dunkerque,Romain Revelli
Rodez,Laurent Peyrelade
Rodez Aveyron Football,Laurent Peyrelade
Vegalta Sendai,Akira Ito
Sagan Tosu,Kenta Kawai
Shonan Bellmare,Satoshi Yamaguchi
Oita Trinita,Takahiro Shimotaira
Dundee,Gary Bowyer
Dundee FC,Gary Bowyer
SønderjyskE,Henrik Hansen
Argeş,Constantin Schumacher
Würzburger Kickers,Marco Wildersinn
FC Würzburger Kickers,Marco Wildersinn
Admira,Roberto Pätzold
FC Flyeralarm Admira,Roberto Pätzold
Gwangju,Jung-Hyo Lee
GwangJu FC,Jung-Hyo Lee
Nieciecza,Radoslav Látal
Bruk-Bet Termalica Nieciecza,Radoslav Látal
Tokushima Vortis,Daniel Poyatos Algaba
Yokohama,Shuhei Yomoda
Al Hazm,Roel Coumans
Al Hazem,Roel Coumans
Stabæk,Lars Roar Bohinen
Stabæk Fotball,Lars Roar Bohinen
Brann,Eirik Horneland
SK Brann,Eirik Horneland
Dinamo Bucureşti,Ovidiu Nicusor Burca
FC Dinamo 1948 Bucureşti,Ovidiu Nicusor Burca
Górnik Łęczna,Marcin Prasoł
Viktoria Berlin,Semih Keskin
Örebro,Christian Järdler
Örebro SK,Christian Järdler
Havelse,Philipp Gasde
Türkgücü-Ataspor,Alper Kayabunar
Halmstad,Magnus Haglund
Halmstads BK,Magnus Haglund
Oldham Athletic,David Unsworth
Guangzhou R&F,Jean-Paul van Gastel
Guangzhou City,Jean-Paul van Gastel
Östersunds FK,Magnus Powell
Bohemians,Trevor Croly
Bohemian FC,Trevor Croly
Scunthorpe United,Keith Hill
Mjøndalen,Kevin Andrew Nicol
Mjøndalen IF,Kevin Andrew Nicol
Academica Clinceni,Ionuț Chirilă
FC Academica Clinceni,Ionuț Chirilă
Goa,Derrick Pereira
Waterford United,Danny Searle
Waterford FC,Danny Searle
Qingdao Hainiu,Weijian Yang
Chongqing Dangdai Lifan,Woe-Ryong Chang
Chongqing Liangjiang Athletic,Woe-Ryong Chang
Longford Town,Gary Cronin
Russia,Valeriy Karpin
FC Rostov,Valeriy Karpin
CSKA Moskva,Vladimir Fedotov
PFC CSKA Moscow,Vladimir Fedotov
Spartak Moskva,Guillermo Abascal Perez
Lokomotiv Moskva,Joe Zinnbauer
FC Lokomotiv Moscow,Joe Zinnbauer
Bolívar,Antônio Carlos Zago
Universitario,Carlos Horacio Compagnucci
Palestino,Gustavo Adolfo Costas Makeira
Club Deportivo Palestino,Gustavo Adolfo Costas Makeira
Santa Fe,Martín Alejandro Cardetti
Club Independiente Santa Fe,Martín Alejandro Cardetti
Torque,Lucas Andres Nardi
12 de Octubre,Héctor Fernando Marecos Silvera
UTC Cajamarca,Marcelo Fabián Grioni
Cobresal,Gustavo Huerta Araya
Club de Deportes Cobresal,Gustavo Huerta Araya
Aucas,César Alejandro Farías Acosta
Fénix,José Ignacio Pallas Martínez
Huachipato,Mario Alfredo Salas Saieg
CD Huachipato,Mario Alfredo Salas Saieg
Deportivo Pasto,José Flavio Torres Díaz
Nacional Potosí,Flavio Horacio Robatto
Guayaquil City,Pool Geovanny Gavilánez Solís
Sport Huancayo,Mifflin Bermúdez Tucto
River Plate,Iván Almeida
Carlos Manucci,Jorge Remigio Pautasso
Macará,Julio Marcelo Fleitas Silveira
Municipal Vinto,Humberto Viviani Ribera
Rentistas,Julio Rodolfo Neme Moreno
Mineros de Guayana,Elías Jarol Rafael Emmons Cova
Aragua,Leonel Gerardo Vielma Peña
Academia Puerto Cabello,Juan Domingo Tolisano
Uruguay,Diego Martín Alonso López
Switzerland,Murat Yakin
Colombia,Néstor Gabriel Lorenzo
Turkey,Stefan Kuntz
Côte d'Ivoire,Jean-Louis Gasset
Chile,Manuel Eduardo Berizzo
Slovenia,Matjaž Kek
Paraguay,Guillermo Barros Schelotto
Egypt,Rui Carlos Pinho da Vitória
Ecuador,Gustavo Julio Alfaro
Peru,Juan Máximo Reynoso Guzmán
South Africa,Hugo Broos
Venezuela,José Néstor Pekerman
Chievo,Alfredo Aglietti
Chievo Verona,Alfredo Aglietti
Cameroon,Rigobert Song Bahanag
Coritiba,Augusto Sérgio Ferreira
Farense,Vasco Manuel Vilhena Faisca Teixeira
Botafogo,Luís Manuel Ribeiro de Castro
Gençlerbirliği,Taşkın Aksoy
Gençlerbirliği SK,Taşkın Aksoy
Goiás,Jair Zaksauskas Ribeiro Ventura
BB Erzurumspor,Muzaffer Bilazer
Nacional,Filipe Manuel Nunes Cândido
CD Nacional,Filipe Manuel Nunes Cândido
Castellón,Ruben Torrecilla Gonzalez
UD Logroñés,Alberto Aguilà Lalana
Bulgaria,Mladen Krstajić
Denizlispor,Mesut Bakkal
VVV-Venlo,Rick Kruijs
Waasland-Beveren,Wim De Decker
ADO Den Haag,Dirk Kuijt
Sabadell,Gabriel Francisco García de la Torre
CE Sabadell FC,Gabriel Francisco García de la Torre
Bolivia,Pablo Daniel Escobar Olivetti
Viitorul,Cătălin Cristian Anghel
FC Viitorul Constanța,Cătălin Cristian Anghel
Châteauroux,Mathieu Chabert
La Berrichonne de Châteauroux,Mathieu Chabert
St. Pölten,Stephan Helm
spusu SKN St. Pölten,Stephan Helm
Astra,George ?an?mare
AFC Astra Giurgiu,George ?an?mare
Uerdingen,Alexander Voigt
KFC Uerdingen 05,Alexander Voigt
Unterhaching,Sandro Wagner
SpVgg Unterhaching,Sandro Wagner
Al Quadisiya,Yousef Al Mannai
Al Qadisiyah,Yousef Al Mannai
Chambly,Fabien Valeri
FC Chambly Oise,Fabien Valeri
Start,Sindre Tjelmeland
IK Start,Sindre Tjelmeland
Bayern München II,Holger Seitz
FC Bayern München II,Holger Seitz
Podbeskidzie,Dariusz Zuraw
Podbeskidzie Bielsko-Biała,Dariusz Zuraw
Hamilton Academical,Stuart Taylor
Hamilton Academical FC,Stuart Taylor
Vaduz,Alessandro Mangiarratti
FC Vaduz,Alessandro Mangiarratti
Busan I'Park,Jin-Seop Park
Busan IPark,Jin-Seop Park
VfB Lübeck,Lukas  Pfeiffer
CSM Iaşi,Leontin Florian Grozavu
CSM Politehnica Iași,Leontin Florian Grozavu
Jiangsu Suning,Aurelian Cosmin Olăroiu
Jiangsu FC,Aurelian Cosmin Olăroiu
Southend United,Kevin Maher
Falkenberg,Christoffer Andersson
Falkenbergs FF,Christoffer Andersson
India,Igor Štimac
Cork City,Colin Healy
Vasco da Gama,Jorge José de Amorim Campos
Club de Regatas Vasco da Gama,Jorge José de Amorim Campos
Deportivo Binacional,Wilmar Valencia Pacheco
Millonarios,Alberto Miguel Gamero Morillo
Millonarios FC,Alberto Miguel Gamero Morillo
Sol de América,Pablo Horacio Guiñazú
Real Garcilaso,Pablo Peirano Pardeiro
Coquimbo Unido,Fernando Maximiliano Díaz Seguel
Plaza Colonia,Alejandro Martín Capuccio Díaz
Audax Italiano,Juan José Ribera
Caracas,Henry Antonio Meléndez Sanchez
Guaraní,Fernando Jubero Carmona
El Nacional,José Villafuerte
Sportivo Luqueño,Miguel Ángel Zahzú
Atlético Grau,Gustavo Álvarez
Zamora Fútbol Club,Noel Sanvicente Bethelmy
Blooming,Victor Hugo Antelo
Llaneros de Guanare,Edson Argenis Tortolero Román
Cruzeiro,Paulo César Pezzolano Suárez
CSA,Adriano Rodrigues da Silva
Centro Sportivo Alagoano,Adriano Rodrigues da Silva
Deportivo La Coruña,Óscar Pedro Cano Moreno
Deportivo de La Coruña,Óscar Pedro Cano Moreno
Vitória FC,Micael Martins Sequeira
Vitória de Setúbal,Micael Martins Sequeira
Morelia,Gabriel Ernesto Pereyra Vázquez
Monarcas Morelia,Gabriel Ernesto Pereyra Vázquez
Avaí,Luiz Carlos Cirne Lima de Lorenzi
Avaí FC,Luiz Carlos Cirne Lima de Lorenzi
Pescara,Alberto Colombo
Extremadura UD,Manuel Alfredo Moquera Bastida
Numancia,Diego Martínez Ruiz
CD Numancia,Diego Martínez Ruiz
Universidad Chile,Sebastián Miguel Miranda Córdova
Universidad de Chile,Sebastián Miguel Miranda Córdova
Once Caldas,Diego Andrés Corredor Hurtado
Pordenone,Domenico Di Carlo
O'Higgins,Mariano Soso
CD O'Higgins,Mariano Soso
Juve Stabia,Leonardo Colucci
Castellammare di Stabia,Leonardo Colucci
Rionegro Águilas,Johan Javier Fano Espinoza
Virtus Entella,Gennaro Volpe
Virtus Entella Chiavari,Gennaro Volpe
Esbjerg,Lars Vind
Esbjerg fB,Lars Vind
Le Mans,Cristiano Marques Gomes
Le Mans FC,Cristiano Marques Gomes
Orléans,Sébastien Dubroca
US Orléans Loiret Football,Sébastien Dubroca
Deportes Iquique,Patrick Rojas
Arka Gdynia,Ryszard Tarasiewicz
Gyeongnam,Ki-Hyeon Seol
Gyeongnam FC,Ki-Hyeon Seol
Envigado,José Alberto Suárez Giraldo
Envigado FC,José Alberto Suárez Giraldo
Patriotas Boyacá,Juan David Niño Casteblanco
Patriotas Boyacá FC,Juan David Niño Casteblanco
Alianza Petrolera,Hubert Antonio Bodhert Barrios
Curicó Unido,Damian Dario Munoz Galaz
Jaguares de Córdoba,César Fernando Torres Ramírez
Jaguares de Córdoba Fútbol Club,César Fernando Torres Ramírez
Atlético Bucaramanga,Néstor Oscar Craviotto
Neuchâtel Xamax,Jeff Saibene
Neuchâtel Xamax FCS,Jeff Saibene
Chemnitzer FC,Daniel Berlinski
Thun,Mauro Lustrinelli
FC Thun,Mauro Lustrinelli
Mattersburg,Franz Ponweiser
SV Mattersburg,Franz Ponweiser
Júbilo Iwata,Hiroki Shibuya
Cúcuta Deportivo,David Suárez Muñoz
Univ. Concepción,Miguel Mauricio Ramírez Pérez
CD Universidad de Concepción,Miguel Mauricio Ramírez Pérez
Matsumoto Yamaga,Hiroshi Nanami
Matsumoto Yamaga FC,Hiroshi Nanami
Preußen Münster,Sascha Hildmann
SC Preußen Münster,Sascha Hildmann
Veracruz,Enrique López Zarza
Tiburones Rojos de Veracruz,Enrique López Zarza
Carl Zeiss Jena,Andreas Patz
FC Carl Zeiss Jena,Andreas Patz
Sonnenhof Großaspach,Hans-Jürgen Boysen
SG Sonnenhof Großaspach,Hans-Jürgen Boysen
Hobro,Martin Thomsen
Hobro IK,Martin Thomsen
ŁKS Łódź,Kazimierz Moskal
Ranheim,Hugo Carlos Rodrigues Ganchinho Pereira
Ranheim Fotball,Hugo Carlos Rodrigues Ganchinho Pereira
Atlético Huila,José Fernando Santa Robledo
Macclesfield Town,Tim Flowers
Unión Magdalena,Carlos Alberto Silva Socarrás
Club Unión Magdalena S.A,Carlos Alberto Silva Socarrás
AFC Eskilstuna,Jawad Al Jebouri
Tianjin Quanjian,Xueyu Liu
Tianjin Quanjian FC,Xueyu Liu
Beijing Renhe,Bo Wang
Beijing Renhe FC,Bo Wang
Bursaspor,Tahsin Tam
Vitória,João Batista Donizete Dressler Burse
Paraná,José Omar Feitosa Alves
Sport Club do Recife,Claudinei dos Santos Oliveira
Akhisar Belediyespor,Mustafa Ati Göksu
Sporting Lokeren,Glen De Boeck
CD Feirense,Rui Vítor da Silva Ferreira
Gimnàstic de Tarragona,Raúl Agné Montull
CF Rayo Majadahonda,Alfredo Santaelena Aguado
Foggia,Fabio Gallo
Belgrano de Córdoba,Guillermo Martín Farré
Lobos BUAP,Juan Francisco Palencia Hernández
Córdoba CF,Germán Crespo Sánchez
NAC Breda,Robert Molenaar
San Martín de San Juan,Raúl Adolfo Antuña
San Martin de Tucumán,Pablo Daniel de Muner
Carpi,Sebastiano Siviglia
De Graafschap,Adrie Poldervaart
Jeonnam Dragons,Jang-Gwan Lee
GFC Ajaccio,Stéphane Paganelli
VfR Aalen,Tobias Cramer
FC Wacker Innsbruck,Michael Oenning
Ohod Club,Youssef Anbar
AS Béziers,Alain Negre
SC Fortuna Köln,Markus von Ahlen
VfL Sportfreunde Lotte,Jens Tiemann-Gorny
Red Star FC,Vincent Bordot
Vendsyssel FF,Henrik Pedersen
Club Deportes Temuco,Fabián Avendaño
FC Energie Cottbus,Claus-Dieter Wollitz
Notts County,Luke Williams
Zagłębie Sosnowiec,Artur Skowronek
Guizhou Zhicheng FC,Mao Chen
Boyacá Chicó FC,Mario Humberto García Caboara
V-Varen Nagasaki,Fábio Carille
Yeovil Town,Chris Hargreaves
Trelleborgs FF,Dan Kristian Haynes
IF Brommapojkarna,Christer Mattiasson
San Luis de Quillota,Francisco Andrés Bozán Santibáñez
Itagüí Leones FC,Álvaro Hernández Uribe
Dalkurd FF,Amir Azrafshan
Limerick FC,Tommy Barrett
Bray Wanderers,Pat Devlin
Avellino,Roberto Taurino
Cesena,Domenico Toscano
Zenit St. Petersburg,Sergei Semak
FC Krasnodar,Aleksandr Storozhuk
Ankaraspor,Adem Caglayan
Saudi Arabia,Hervé Renard
Dinamo Moscow,Slaviša Jokanović
Terek Grozny,Andrey Talalaev
Torpedo Moscow,Andrey Talalaev
Rubin Kazan,Leonid Slutskiy
Arsenal Tula,Oleg Kononov
FC Ufa,Denis Popov
Ponte Preta,Hélio César Pinto dos Anjos
Cultural Leonesa,Eduardo Docampo
FC Anzhi Makhachkala,Artur Sadirov
FC Barcelona B,Sergi Barjuán i Esclusa
Amkar Perm,Rustem Khuzin
FC Ural Yekaterinburg,Viktor Goncharenko
FC Tosno,Dmytro Parfenov
Roda JC Kerkrade,Jurgen Streppel
Lorca FC,José Garijo Nicolás
SKA Khabarovsk,Roman Sharonov
Tours FC,Norredine El Ouardini
Sevilla Atlético,Juan Alejandro Acejo Rodriguez
Novara Calcio,Roberto Cevoli
Football Bourg En Bresse Peronnas 01,Alain Pochat
Kardemir Karabükspor,Nizamettin Set
FC Pro Vercelli 1892,Massimo Paci
Club Olimpo,Carlos Mayor
Santiago Wanderers,Miguel Andrés Ponce Torres
Club Atlético Temperley,José María Bianco
Partick Thistle FC,Ian McCall
Sandecja Nowy Sącz,Dariusz Dudek
FC Rot-Weiß Erfurt,Goran Miscevic
Chacarita Juniors,Marcelo Venturelli
Chesterfield,Paul Cook
SV Werder Bremen II,Konrad Fünfstück
Omiya Ardija,Naoki Soma
Cortuluá,Jaime de la Pava Márquez
Barnet,Dean Brennan
Jönköpings Södra IF,Oscar Garcia Rodriguez
Tigres FC,Óscar Mario Morera Gómez
Ventforet Kofu,Tatsuma Yoshida
Albirex Niigata,Rikizo Matsuhashi
Sogndal Fotball,Tore Andre Flo
FC Helsingør,Morten Eskesen
Galway United,John Caulfield
Gaziantepspor,Kenan Askan
Figueirense,Dilceu Junior Rocha
Santa Cruz,Marcelo Martelotte
Krylya Sovetov Samara,Igor Osinkin
Adanaspor,Önder Karaveli
Criciúma,Cláudio Tencati
FC Orenburg,Marcel Liczka
Vicenza,Francesco Baldini
Catania,Francesco Baldini
UCAM Murcia CF,Jorge Romero Sáez
Atlético de Rafaela,Ezequiel Luis Medrán
Quilmes Atlético Club,Walter Gastón Coyette
Inverness Caledonian Thistle,William Billy Dodds
Latina,Daniele Di Donato
Ruch Chorzów,Jarosław Skrobacz
FC Tom Tomsk,Sergey Zhukov
Gefle IF,Mikael Bengtsson
Fortaleza CEIF,Nelson Alfonso Flórez Jiménez
Wexford Youths,Ian Ryan
Associação Académica de Coimbra,Luís Miguel Floro Valença
Kuban Krasnodar,Evgeniy Kaleshin
Athletic Club de Bilbao B,Bingen Arostegui Guibelondo
União da Madeira,Duarte Nuno Figueira Correia
Eskişehirspor,Necdet Emre Özbayer
Mersin İdman Yurdu,Nasır Belci
FSV Frankfurt,Tim Görner
UE Llagostera,Josep Oriol Alsina García
FC Mordovia Saransk,Oleg Vasilenko
Dorados de Sinaloa,José Rafael García Torres
Deportivo San Marcos de Arica,Hernán Peña
US Créteil-Lusitanos,Stéphane Masala
Najran SC,Mohammed Al-Ayari
Nueva Chicago,Maximiliano Rama
SV Grödig,Thomas Schnöll
Hajer,Jamel Belhedi
Crucero del Norte,Pedro Atalicio Dechat
Dagenham and Redbridge,Daryl McMahon
Daejeon Citizen,Min-Sung Lee
York City,John Askey
Åtvidabergs FF,Jan Stahre
Korea Republic,Paulo Jorge Gomes Bento
Kayseri Erciyesspor,Ertuğrul Seçme
FC Penafiel,Filipe André Paula da Rocha
RC Recreativo de Huelva,Abel Gómez Moreno
Leones Negros de la UdeG,Luis Alfonso Sosa Cisneros
Lierse SK,David Colpaert
CD Cobreloa,Emiliano Astorga
Balıkesirspor,Uğur Balcıoğlu
FC Dordrecht,Michele Santoni
Varese,Salvatore Iacolino
Zawisza Bydgoszcz,Krzysztof  Pawlak
FC Aarau,Stephan Keller
GKS Bełchatów,Kamil Socha
SC Magna Wiener Neustadt,Sargon Duran
AC Barnechea,John Sebastián Armijo
Al Shoulla,Juan José Maqueda
Al Orobah,Bairm Mukhtari
Sandnes Ulf,Bjarne Berntsen
Athlone Town,Dermot Lennon
